0.009499999999994062|0.008474999999994704|0.026537499999983415|0.004174999999997391|0.0018187499999988634|0.0020499999999987186|0.011749999999992657|0.006118749999996176|0.026837499999983225|0.035349999999977906|0.05642499999996473|0.03532499999997792|0.1998499999998751|0.05308124999996682|0.062024999999961236|0.04772499999997017|0.022499999999985937|0.01006249999999371|0.01068749999999332|0.00022499999999985937|0.00119999999999925|0.0017187499999989258|0.02148749999998657|0.00010624999999993359|0.035781249999977637|0.30918749999980677
0.0050124999999968676|0.007618749999995238|0.005437499999996601|0.005293749999996692|0.004374999999997266|0.006412499999995993|0.00942499999999411|0.016999999999989374|0.018349999999988532|0.025349999999984156|0.033293749999979194|0.06953749999995654|0.10310624999993556|0.11206874999992995|0.06681874999995824|0.052537499999967166|0.030649999999980842|0.030562499999980897|0.02187499999998633|0.022843749999985723|0.013681249999991449|0.01572499999999017|0.013143749999991785|0.016581249999989636|0.10033749999993728|0.1929624999998794
0.01194999999999253|0.012762499999992023|0.007112499999995555|0.005699999999996437|0.002993749999998129|0.002649999999998344|0.0027624999999982733|0.004412499999997242|0.0033687499999978947|0.004931249999996918|0.005437499999996601|0.007706249999995184|0.012062499999992461|0.028743749999982034|0.01291249999999193|0.020062499999987462|0.010712499999993306|0.023393749999985378|0.011218749999992988|0.01819374999998863|0.009974999999993765|0.01934374999998791|0.013124999999991796|0.021437499999986603|0.4774624999997016|0.24956874999984402
0.005062499999996836|0.01747499999998908|0.024162499999984897|0.004081249999997449|0.0027062499999983085|0.002131249999998668|0.01191874999999255|0.006199999999996125|0.021799999999986375|0.03538124999997789|0.05683124999996448|0.05752499999996405|0.20150624999987407|0.034074999999978706|0.057049999999964345|0.05062499999996836|0.022499999999985937|0.010124999999993672|0.01068749999999332|0.00022499999999985937|0.0019249999999987968|0.002262499999998586|0.004274999999997328|0.008774999999994516|0.052443749999967225|0.2982499999998136
0.006887499999995696|0.017456249999989088|0.012699999999992063|0.009368749999994144|0.005818749999996363|0.004256249999997339|0.0038749999999975783|0.004431249999997231|0.006693749999995817|0.013024999999991859|0.025156249999984278|0.060393749999962255|0.11452499999992842|0.1220812499999237|0.06947499999995657|0.04754999999997028|0.02488124999998445|0.017881249999988823|0.009949999999993782|0.00924999999999422|0.006649999999995844|0.009874999999993828|0.014012499999991242|0.016181249999989888|0.06039999999996225|0.30722499999980796
0.00993749999999379|0.00945624999999409|0.007581249999995262|0.009537499999994039|0.007468749999995332|0.008431249999994731|0.008099999999994938|0.009549999999994032|0.0068312499999957305|0.008668749999994582|0.0067062499999958084|0.010156249999993653|0.01068749999999332|0.02951874999998155|0.012456249999992215|0.01937499999998789|0.012331249999992293|0.02350624999998531|0.015499999999990313|0.025881249999983823|0.020743749999987036|0.03289374999997944|0.03222499999997986|0.03716249999997678|0.33991874999978755|0.28537499999982163
0.0012437499999992227|0.0028937499999981916|0.0027187499999983007|0.0032437499999979726|0.002981249999998137|0.005124999999996797|0.008212499999994868|0.010581249999993386|0.008168749999994894|0.009774999999993891|0.008931249999994418|0.039618749999975236|0.19541249999987786|0.18996249999988127|0.12128124999992419|0.09848124999993844|0.060743749999962036|0.04558124999997151|0.029249999999981718|0.024674999999984577|0.008531249999994668|0.011543749999992785|0.003068749999998082|0.0069562499999956525|0.031831249999980105|0.06918749999995676
0.0|0.0|0.0|0.0|0.0|0.0|3.124999999998047e-05|0.0003062499999998086|0.0003374999999997891|0.0005624999999996485|0.0004874999999996953|0.001393749999999129|0.0016437499999989726|0.03030624999998106|0.0016749999999989532|0.01159999999999275|0.0018187499999988634|0.020837499999986978|0.0016437499999989726|0.012068749999992457|0.0016499999999989687|0.011687499999992695|0.0011562499999992774|0.001868749999998832|0.8977187499994389|0.0012062499999992461
0.0|0.0|0.0|0.0|0.0|0.0|0.0|0.00022499999999985937|0.00014999999999990626|0.00032499999999979686|0.00024999999999984377|0.0002999999999998125|0.00014999999999990626|0.028799999999982|0.0|0.009599999999994|0.0|0.019199999999988|0.0|0.009599999999994|0.0|0.009599999999994|0.0|0.0|0.921599999999424|0.000199999999999875
0.000999999999999375|0.0026374999999983517|0.0018499999999988437|0.0007312499999995429|0.001543749999999035|0.004274999999997328|0.008374999999994765|0.01414374999999116|0.00966249999999396|0.01145624999999284|0.012093749999992442|0.035418749999977864|0.18519999999988426|0.13210624999991744|0.07205624999995497|0.05006874999996871|0.02742499999998286|0.024468749999984708|0.013431249999991606|0.022124999999986173|0.005337499999996664|0.008274999999994828|0.0024499999999984686|0.013449999999991594|0.12503124999992185|0.2153874999998654
0.0002187499999998633|4.999999999996875e-05|0.0|0.0|2.4999999999984375e-05|6.874999999995703e-05|0.00010624999999993359|0.0005624999999996485|0.0003562499999997773|0.0007062499999995586|0.000531249999999668|0.0009624999999993984|0.0015687499999990195|0.03233749999997979|0.0015562499999990274|0.011687499999992695|0.0018437499999988476|0.022099999999986186|0.0019312499999987929|0.011818749999992613|0.0009374999999994141|0.011706249999992684|0.00045624999999971486|0.0007437499999995351|0.8954124999994404|0.002312499999998555
0.0|0.0|0.0|0.0|0.0|0.0|0.0|0.00022499999999985937|0.00014999999999990626|0.00032499999999979686|0.00024999999999984377|0.0002999999999998125|0.00014999999999990626|0.028799999999982|0.0|0.009599999999994|0.0|0.019199999999988|0.0|0.009599999999994|0.0|0.009599999999994|0.0|0.0|0.921599999999424|0.000199999999999875
0.01006249999999371|0.009349999999994156|0.026162499999983647|0.004206249999997371|0.0008562499999994649|0.0030937499999980664|0.012231249999992356|0.005687499999996445|0.024356249999984775|0.035506249999977806|0.05642499999996473|0.05138749999996788|0.2076812499998702|0.03869999999997581|0.05692499999996442|0.04522499999997173|0.027499999999982812|0.007674999999995203|0.008437499999994727|0.0035624999999977736|0.0|0.0017749999999988905|0.02148749999998657|4.999999999996875e-05|0.035781249999977637|0.3058749999998088
0.008237499999994851|0.008731249999994544|0.00937499999999414|0.008768749999994519|0.008393749999994754|0.008774999999994516|0.008218749999994864|0.010612499999993367|0.015893749999990065|0.027224999999982985|0.045274999999971706|0.07498749999995313|0.10918124999993176|0.11658749999992714|0.08247499999994845|0.06281249999996075|0.03976874999997514|0.028837499999981975|0.016524999999989673|0.015268749999990457|0.01188749999999257|0.01459374999999088|0.01148749999999282|0.010606249999993371|0.0467187499999708|0.1987562499998758
0.003356249999997902|0.004818749999996989|0.0021687499999986444|0.002274999999998578|0.0012812499999991993|0.0020874999999986954|0.0016187499999989882|0.003931249999997543|0.003549999999997781|0.00574374999999641|0.006624999999995859|0.011637499999992727|0.01540624999999037|0.037224999999976735|0.019381249999987887|0.025918749999983802|0.017993749999988755|0.030212499999981116|0.01654374999998966|0.024356249999984775|0.012999999999991876|0.022762499999985773|0.011068749999993082|0.017599999999989|0.5620124999996488|0.13742499999991412
0.0016124999999989921|0.0009374999999994141|0.0012624999999992109|0.002724999999998297|0.0041249999999974215|0.0051749999999967655|0.0043437499999972855|0.005606249999996496|0.0060999999999961875|0.009387499999994133|0.011593749999992754|0.030493749999980942|0.062268749999961084|0.07518124999995301|0.03468124999997833|0.036299999999977316|0.019937499999987538|0.034249999999978596|0.0156812499999902|0.022106249999986182|0.008837499999994477|0.018037499999988726|0.0045374999999971645|0.011699999999992687|0.5348437499996658|0.03827499999997608
0.0|0.0|0.0|0.0|0.0|6.249999999996094e-06|3.7499999999976564e-05|0.00044374999999972263|0.0003374999999997891|0.0006749999999995782|0.0005687499999996445|0.001137499999999289|0.0016312499999989805|0.03159999999998025|0.0008312499999994805|0.012674999999992078|0.0012624999999992109|0.02124374999998672|0.0009249999999994218|0.011981249999992512|0.0008499999999994687|0.010918749999993175|0.0005249999999996719|0.0011624999999992735|0.9000062499994375|0.0011812499999992617
0.0|0.0|0.0|0.0|0.0|0.0|0.0|0.00022499999999985937|0.00014999999999990626|0.00032499999999979686|0.00024999999999984377|0.0002999999999998125|0.00014999999999990626|0.028799999999982|0.0|0.009599999999994|0.0|0.019199999999988|0.0|0.009599999999994|0.0|0.009599999999994|0.0|0.0|0.921599999999424|0.000199999999999875
0.0037749999999976405|0.007287499999995445|0.008274999999994828|0.007431249999995356|0.006274999999996078|0.0067999999999957495|0.006624999999995859|0.008356249999994778|0.008331249999994792|0.014168749999991145|0.022906249999985685|0.05154999999996778|0.11499999999992812|0.12493124999992192|0.07888124999995069|0.0627124999999608|0.03539374999997788|0.03067499999998083|0.018306249999988557|0.01990624999998756|0.011687499999992695|0.01644999999998972|0.012924999999991922|0.02153749999998654|0.06028749999996232|0.2395249999998503
0.0|0.0|0.0|0.0|0.0|0.0|0.0|0.00022499999999985937|0.00014999999999990626|0.00032499999999979686|0.00024999999999984377|0.0002999999999998125|0.00014999999999990626|0.028799999999982|0.0|0.009599999999994|0.0|0.019199999999988|0.0|0.009599999999994|0.0|0.009599999999994|0.0|0.0|0.921599999999424|0.000199999999999875
8.124999999994921e-05|0.00036249999999977343|0.00046874999999970703|0.0004187499999997383|0.00028124999999982423|0.00032499999999979686|0.00032499999999979686|0.0010062499999993711|0.0008999999999994375|0.0014499999999990937|0.0014562499999990898|0.0023812499999985117|0.0034374999999978516|0.028693749999982067|0.004806249999996996|0.013949999999991282|0.005443749999996598|0.022487499999985946|0.006568749999995895|0.015787499999990132|0.006737499999995789|0.017381249999989138|0.00691249999999568|0.008668749999994582|0.6689499999995819|0.18071874999988705
0.0670437499999581|0.05016874999996864|0.006437499999995977|0.0020937499999986913|0.0007499999999995312|0.00044999999999971875|0.000199999999999875|0.00016249999999989843|0.000199999999999875|0.00014999999999990626|0.00013749999999991406|0.0002062499999998711|0.0006437499999995977|0.0026999999999983127|0.0004374999999997266|0.0019187499999988008|0.0002749999999998281|0.0017874999999988829|3.7499999999976564e-05|0.0009937499999993788|0.0004062499999997461|0.0015062499999990587|0.0035687499999977695|0.05846874999996346|0.0755312499999528|0.7237249999995476
2.4999999999984375e-05|4.374999999997266e-05|0.00023124999999985546|0.0004937499999996914|0.000331249999999793|0.0011124999999993046|0.0014562499999990898|0.006337499999996039|0.007587499999995258|0.011012499999993116|0.00968124999999395|0.011581249999992762|0.01697499999998939|0.03977499999997514|0.021074999999986826|0.021993749999986253|0.01958124999998776|0.04401249999997249|0.01793749999998879|0.0260749999999837|0.017843749999988848|0.028437499999982227|0.008362499999994773|0.012968749999991895|0.6493874999995941|0.02568124999998395
0.00015624999999990234|0.0009812499999993867|0.0006749999999995782|0.0011812499999992617|0.0007937499999995039|0.002018749999998738|0.003981249999997512|0.008687499999994571|0.008487499999994695|0.017012499999989366|0.025287499999984194|0.06346249999996034|0.09986249999993758|0.1259499999999213|0.11883749999992572|0.15255624999990466|0.07726249999995172|0.06526249999995921|0.04087499999997445|0.036443749999977224|0.01994999999998753|0.018693749999988317|0.008487499999994695|0.012668749999992082|0.044568749999972145|0.04585624999997134
0.003524999999997797|0.004799999999997|0.0061624999999961485|0.007868749999995083|0.006506249999995934|0.006593749999995879|0.005837499999996352|0.0070562499999955895|0.007706249999995184|0.013924999999991297|0.02076874999998702|0.0558374999999651|0.14954374999990652|0.1608062499998995|0.09575624999994015|0.07720624999995175|0.05051249999996843|0.03907499999997558|0.023224999999985483|0.0222374999999861|0.011056249999993089|0.01446249999999096|0.008212499999994868|0.013237499999991726|0.05003124999996873|0.13804999999991371
0.0|0.0|0.0|0.0|0.0|0.0|0.0|0.00022499999999985937|0.00014999999999990626|0.00032499999999979686|0.00024999999999984377|0.0002999999999998125|0.00014999999999990626|0.028799999999982|0.0|0.009599999999994|0.0|0.019199999999988|0.0|0.009599999999994|0.0|0.009599999999994|0.0|0.0|0.921599999999424|0.000199999999999875
0.002212499999998617|0.0065124999999959295|0.0026999999999983127|0.002043749999998723|0.0007999999999995|0.0006374999999996016|0.0005187499999996758|0.0009124999999994297|0.0009749999999993906|0.0019249999999987968|0.0025687499999983944|0.007381249999995386|0.013218749999991739|0.02747499999998283|0.014674999999990827|0.021868749999986333|0.013918749999991301|0.025924999999983798|0.013731249999991419|0.01979374999998763|0.008549999999994656|0.016556249999989652|0.009612499999993992|0.022074999999986203|0.39831249999975105|0.36509999999977183
0.06716249999995802|0.051156249999968026|0.0052062499999967465|0.0012249999999992343|0.0006374999999996016|0.0004624999999997109|0.0002749999999998281|0.00021249999999986717|0.00014374999999991014|0.00011874999999992579|0.00012499999999992189|0.000268749999999832|0.0008124999999994922|0.002581249999998387|0.0005249999999996719|0.0018374999999988516|0.00034374999999978515|0.0018749999999988281|0.00012499999999992189|0.0008874999999994453|0.0002874999999998203|0.0014499999999990937|0.0037499999999976562|0.05938124999996289|0.07617499999995239|0.7229749999995482
0.0004937499999996914|0.00011874999999992579|0.000199999999999875|0.00034999999999978126|0.00034374999999978515|0.0005937499999996289|0.0013062499999991835|0.006668749999995832|0.0067062499999958084|0.010343749999993535|0.008412499999994742|0.01074999999999328|0.01134374999999291|0.052674999999967075|0.010924999999993171|0.027687499999982695|0.010024999999993735|0.04855624999996965|0.015106249999990558|0.025349999999984156|0.009462499999994087|0.030399999999981|0.0063499999999960316|0.00968124999999395|0.6691999999995818|0.026949999999983158
0.00014999999999990626|0.00013124999999991797|6.249999999996094e-06|0.0005437499999996602|0.001537499999999039|0.0038874999999975704|0.004199999999997375|0.004956249999996902|0.003149999999998031|0.005099999999996813|0.005287499999996695|0.02012499999998742|0.062343749999961035|0.08342499999994786|0.0694249999999566|0.08502499999994687|0.0659312499999588|0.07169374999995519|0.05266249999996708|0.06646249999995846|0.01944374999998785|0.037137499999976786|0.005649999999996469|0.024918749999984426|0.2811624999998243|0.02564374999998397
0.07218124999995489|0.05213124999996742|0.00305624999999809|0.000531249999999668|0.00012499999999992189|4.374999999997266e-05|1.8749999999988282e-05|6.874999999995703e-05|4.374999999997266e-05|3.7499999999976564e-05|4.374999999997266e-05|0.00010624999999993359|0.0004999999999996875|0.0025499999999984064|0.00047499999999970314|0.0020999999999986876|0.0003124999999998047|0.002118749999998676|1.2499999999992188e-05|0.0009812499999993867|0.00019374999999987891|0.0011874999999992577|0.002881249999998199|0.06043124999996223|0.08121249999994924|0.7166562499995521
0.004637499999997101|0.005193749999996754|0.006062499999996211|0.0072124999999954925|0.0051437499999967854|0.005674999999996453|0.007987499999995007|0.015049999999990593|0.018981249999988136|0.024187499999984884|0.02577499999998389|0.029081249999981823|0.023893749999985066|0.040999999999974376|0.02054374999998716|0.039093749999975565|0.026781249999983263|0.045356249999971655|0.024131249999984918|0.04524374999997172|0.016681249999989572|0.02169999999998644|0.014724999999990798|0.024206249999984872|0.3015812499998115|0.20007499999987496
0.00014374999999991014|0.000662499999999586|0.0005874999999996328|0.002349999999998531|0.002262499999998586|0.004437499999997227|0.004774999999997016|0.006718749999995801|0.0061624999999961485|0.010268749999993582|0.015506249999990309|0.04778749999997013|0.07525624999995296|0.0982374999999386|0.0892812499999442|0.11377499999992889|0.07021249999995612|0.07433124999995354|0.04104999999997434|0.03689999999997694|0.01794999999998878|0.02524999999998422|0.013299999999991688|0.025449999999984093|0.11396249999992877|0.10338124999993539
0.0017249999999989218|0.0034374999999978516|0.0017062499999989337|0.0012999999999991874|0.0017749999999988905|0.0027624999999982733|0.002812499999998242|0.003987499999997508|0.0034374999999978516|0.005956249999996277|0.007287499999995445|0.025156249999984278|0.06878124999995701|0.09609999999993994|0.07886874999995071|0.09715624999993927|0.06334374999996041|0.07403124999995372|0.04194999999997378|0.06108749999996182|0.021624999999986485|0.032612499999979616|0.013243749999991722|0.032093749999979944|0.15364374999990396|0.10411874999993492
0.0|0.0|0.0|0.0|0.0|0.0|0.0|0.00022499999999985937|0.00014999999999990626|0.00032499999999979686|0.00024999999999984377|0.0002999999999998125|0.00014999999999990626|0.028799999999982|0.0|0.009599999999994|0.0|0.019199999999988|0.0|0.009599999999994|0.0|0.009599999999994|0.0|0.0|0.921599999999424|0.000199999999999875
0.001543749999999035|0.0021812499999986365|0.0017062499999989337|0.0030124999999981174|0.00199999999999875|0.0005687499999996445|0.0008312499999994805|0.0016312499999989805|0.0014187499999991132|0.0023187499999985507|0.002881249999998199|0.008362499999994773|0.01673749999998954|0.04103124999997435|0.02043124999998723|0.029862499999981335|0.018549999999988406|0.03302499999997936|0.016049999999989968|0.028187499999982383|0.010274999999993577|0.01939374999998788|0.008793749999994504|0.013862499999991337|0.5299312499996688|0.18541249999988413
0.0|0.0|0.0|0.0|0.0|0.0|0.0|0.00022499999999985937|0.00014999999999990626|0.00032499999999979686|0.00024999999999984377|0.0002999999999998125|0.00014999999999990626|0.028799999999982|0.0|0.009599999999994|0.0|0.019199999999988|0.0|0.009599999999994|0.0|0.009599999999994|0.0|0.0|0.921599999999424|0.000199999999999875
0.0010124999999993672|0.00439999999999725|0.0023812499999985117|0.002199999999998625|0.0019687499999987697|0.003524999999997797|0.005974999999996265|0.00905624999999434|0.008593749999994628|0.010156249999993653|0.008568749999994645|0.022293749999986068|0.11064999999993085|0.12643124999992097|0.08989999999994382|0.08536249999994665|0.059706249999962685|0.06003124999996248|0.03948749999997532|0.03979374999997513|0.015174999999990516|0.023137499999985538|0.004768749999997019|0.014199999999991124|0.18214999999988615|0.06907499999995682
0.002262499999998586|0.002137499999998664|0.0031562499999980274|0.007268749999995457|0.00345624999999784|0.003337499999997914|0.004206249999997371|0.02097499999998689|0.015512499999990305|0.028168749999982395|0.021274999999986704|0.025362499999984148|0.018793749999988254|0.09493124999994067|0.02759999999998275|0.051199999999968|0.022006249999986245|0.08773124999994517|0.033387499999979135|0.05671874999996455|0.020581249999987138|0.05079374999996825|0.012018749999992489|0.008631249999994605|0.2844687499998222|0.09401874999994124
0.0|0.0|0.0|0.0|0.0|0.0|0.0|0.00022499999999985937|0.00014999999999990626|0.00032499999999979686|0.00024999999999984377|0.0002999999999998125|0.00014999999999990626|0.028799999999982|0.0|0.009599999999994|0.0|0.019199999999988|0.0|0.009599999999994|0.0|0.009599999999994|0.0|0.0|0.921599999999424|0.000199999999999875
0.0002749999999998281|0.0015624999999990234|0.002599999999998375|0.005943749999996285|0.0024874999999984454|0.0005624999999996485|0.0024874999999984454|0.007537499999995289|0.006281249999996074|0.00940624999999412|0.013249999999991718|0.07963124999995023|0.23926249999985047|0.3166437499998021|0.13557499999991526|0.08952499999994405|0.024662499999984586|0.009874999999993828|0.002593749999998379|0.002674999999998328|0.003074999999998078|0.003274999999997953|0.003324999999997922|0.001793749999998879|0.0005437499999996602|0.03514999999997803
0.0022999999999985623|0.004099999999997437|0.004199999999997375|0.005393749999996629|0.004787499999997008|0.0056812499999964496|0.005137499999996789|0.008274999999994828|0.01074999999999328|0.02078124999998701|0.03390624999997881|0.07334999999995416|0.13266874999991707|0.1262749999999211|0.05641249999996474|0.047987499999970006|0.03011249999998118|0.029543749999981536|0.021043749999986847|0.02663749999998335|0.00934374999999416|0.01494374999999066|0.006024999999996235|0.011468749999992832|0.21524999999986547|0.09362499999994148
0.0|0.0|0.0|0.0|0.0|0.0|0.0|0.00022499999999985937|0.00014999999999990626|0.00032499999999979686|0.00024999999999984377|0.0002999999999998125|0.00014999999999990626|0.028799999999982|0.0|0.009599999999994|0.0|0.019199999999988|0.0|0.009599999999994|0.0|0.009599999999994|0.0|0.0|0.921599999999424|0.000199999999999875
0.00012499999999992189|0.00014999999999990626|0.00013749999999991406|0.0003062499999998086|0.0005874999999996328|0.0005499999999996562|0.0004999999999996875|0.0009562499999994023|0.0008249999999994843|0.001324999999999172|0.0009624999999993984|0.0012187499999992382|0.006618749999995863|0.027724999999982673|0.007831249999995106|0.0156812499999902|0.005443749999996598|0.022662499999985836|0.005756249999996402|0.01580624999999012|0.004118749999997426|0.01713749999998929|0.004181249999997387|0.016131249999989918|0.7218874999995488|0.12137499999992414
0.001793749999998879|0.0017062499999989337|0.0016374999999989766|0.006681249999995824|0.005931249999996293|0.0041874999999973826|0.004162499999997398|0.02596874999998377|0.021274999999986704|0.03620624999997737|0.02900624999998187|0.034318749999978554|0.02363124999998523|0.08458124999994714|0.02996874999998127|0.04561874999997149|0.027643749999982724|0.0918312499999426|0.039512499999975303|0.05718124999996426|0.023162499999985525|0.05224999999996734|0.011387499999992882|0.007293749999995441|0.25799374999983876|0.07506874999995308
0.07466874999995333|0.05833749999996354|0.003537499999997789|0.0006812499999995742|0.00012499999999992189|3.7499999999976564e-05|1.8749999999988282e-05|3.7499999999976564e-05|6.249999999996094e-05|6.249999999996094e-05|8.749999999994531e-05|0.00012499999999992189|0.0003749999999997656|0.0018749999999988281|0.00013749999999991406|0.0019124999999988047|0.00010624999999993359|0.001124999999999297|0.00014374999999991014|0.0012062499999992461|0.0003124999999998047|0.0007062499999995586|0.0025874999999983828|0.04571874999997143|0.07349999999995406|0.7325124999995422
0.00015624999999990234|0.0007249999999995469|0.00023124999999985546|3.124999999998047e-05|2.4999999999984375e-05|0.00014374999999991014|0.00199999999999875|0.007018749999995614|0.004674999999997078|0.007143749999995535|0.004893749999996941|0.004849999999996969|0.20854374999986966|0.27128124999983044|0.10401249999993499|0.03546874999997783|0.05668749999996457|0.04446249999997221|0.04853124999996967|0.003943749999997535|0.02871874999998205|0.014418749999990987|0.006337499999996039|0.009099999999994312|0.12548124999992158|0.01111874999999305
0.0|0.00016249999999989843|0.0005187499999996758|0.0008124999999994922|0.0003749999999997656|0.0004999999999996875|0.0009062499999994336|0.0025499999999984064|0.002806249999998246|0.005824999999996359|0.006981249999995637|0.017331249999989168|0.04878749999996951|0.09378124999994139|0.04845624999996972|0.0849562499999469|0.04689999999997069|0.0585562499999634|0.033543749999979035|0.05086249999996821|0.023418749999985364|0.022474999999985954|0.009706249999993933|0.02246874999998596|0.3747437499997658|0.04257499999997339
0.00806249999999496|0.02105624999998684|0.004118749999997426|0.0015749999999990156|0.0006812499999995742|0.001731249999998918|0.0005812499999996367|0.00039999999999975|0.00010624999999993359|0.0005249999999996719|0.0003062499999998086|0.000868749999999457|0.0010124999999993672|0.0015124999999990547|0.00038749999999975783|0.0015187499999990508|0.00047499999999970314|0.004806249999996996|0.003843749999997598|0.007281249999995449|0.003649999999997719|0.006531249999995918|0.013881249999991324|0.031656249999980214|0.02731249999998293|0.8561187499994649
0.0005937499999996289|0.0014124999999991172|0.0012812499999991993|0.003124999999998047|0.0029749999999981406|0.006212499999996117|0.0087999999999945|0.011674999999992703|0.009943749999993786|0.014074999999991204|0.022137499999986165|0.09276874999994202|0.17238749999989225|0.21972499999986267|0.12476249999992202|0.0822312499999486|0.04236874999997352|0.03196874999998002|0.012468749999992207|0.011299999999992937|0.00563124999999648|0.00545624999999659|0.004199999999997375|0.006806249999995746|0.020356249999987277|0.08533749999994666
0.017931249999988793|0.01883124999998823|0.01403124999999123|0.017162499999989273|0.012599999999992124|0.010156249999993653|0.007093749999995566|0.006918749999995676|0.0075624999999952735|0.01116874999999302|0.018899999999988187|0.03113749999998054|0.03606874999997746|0.03741249999997662|0.023768749999985146|0.01786874999998883|0.010231249999993605|0.012568749999992145|0.007818749999995113|0.011943749999992535|0.013193749999991754|0.020531249999987167|0.02581874999998386|0.0267187499999833|0.07948749999995032|0.5030749999996855
0.0|0.0|0.0|0.0|0.0|0.0|0.0|0.00022499999999985937|0.00014999999999990626|0.00032499999999979686|0.00024999999999984377|0.0002999999999998125|0.00014999999999990626|0.028799999999982|0.0|0.009599999999994|0.0|0.019199999999988|0.0|0.009599999999994|0.0|0.009599999999994|0.0|0.0|0.921599999999424|0.000199999999999875
8.749999999994531e-05|0.00023749999999985157|0.00014999999999990626|0.0005187499999996758|0.0009249999999994218|0.0017124999999989297|0.00359999999999775|0.009068749999994331|0.00966249999999396|0.020237499999987352|0.026518749999983427|0.05990624999996256|0.12499999999992187|0.18838749999988225|0.10237499999993602|0.09219999999994237|0.04834999999996978|0.041574999999974015|0.020449999999987218|0.023399999999985373|0.010993749999993129|0.016181249999989888|0.014749999999990781|0.01793749999998879|0.0526437499999671|0.1131312499999293
0.0014499999999990937|0.003406249999997871|0.0014187499999991132|0.003006249999998121|0.0031062499999980585|0.004206249999997371|0.0038624999999975857|0.006849999999995719|0.006868749999995707|0.010499999999993438|0.011868749999992581|0.02248124999998595|0.05178124999996764|0.08106874999994933|0.051556249999967774|0.0508749999999682|0.03479374999997825|0.04249374999997344|0.026093749999983692|0.024731249999984543|0.014562499999990899|0.024212499999984868|0.006868749999995707|0.01833749999998854|0.390374999999756|0.10322499999993548
0.0100812499999937|0.026231249999983604|0.0037749999999976405|0.0009374999999994141|0.0004812499999996992|0.000268749999999832|0.00019374999999987891|0.00014374999999991014|4.999999999996875e-05|0.00014999999999990626|0.00011249999999992969|0.0002999999999998125|0.0008187499999994883|0.0008437499999994726|0.00011874999999992579|0.00012499999999992189|3.7499999999976564e-05|0.0012062499999992461|0.00014374999999991014|0.0009687499999993946|0.0012624999999992109|0.0017624999999988984|0.007593749999995254|0.03634374999997728|0.02020624999998737|0.8858437499994464
0.0015874999999990079|0.0028374999999982264|0.0025249999999984217|0.004593749999997129|0.004437499999997227|0.010024999999993735|0.009862499999993836|0.012262499999992335|0.011824999999992609|0.016956249999989403|0.021787499999986384|0.05843749999996348|0.1017562499999364|0.1415812499999115|0.09478749999994075|0.0691124999999568|0.04211874999997368|0.03674374999997704|0.02473749999998454|0.01945624999998784|0.010774999999993266|0.010881249999993198|0.010637499999993352|0.02094374999998691|0.05918124999996301|0.2001499999998749
0.01729999999998919|0.021256249999986716|0.014412499999990992|0.0100812499999937|0.00908749999999432|0.009324999999994171|0.007268749999995457|0.011156249999993028|0.00899374999999438|0.01692499999998942|0.01723124999998923|0.036037499999977476|0.03938749999997538|0.04238124999997351|0.023218749999985487|0.021193749999986754|0.010018749999993738|0.012274999999992329|0.008418749999994738|0.011381249999992887|0.011499999999992813|0.014449999999990968|0.017368749999989143|0.021462499999986586|0.032612499999979616|0.555256249999653
0.06459374999995963|0.05306874999996683|0.005068749999996832|0.0011062499999993085|0.0003124999999998047|9.37499999999414e-05|9.99999999999375e-05|4.374999999997266e-05|8.124999999994921e-05|0.00011874999999992579|6.874999999995703e-05|0.00013749999999991406|0.00034999999999978126|0.0019187499999988008|0.0001874999999998828|0.001737499999998914|0.00024374999999984766|0.0010812499999993243|0.00011874999999992579|0.0010187499999993633|0.00021249999999986717|0.001124999999999297|0.0035124999999978047|0.04728124999997045|0.06108749999996182|0.7553312499995279
0.00010624999999993359|0.0012749999999992032|0.001662499999998961|0.0006437499999995977|0.001406249999999121|0.0028312499999982306|0.003137499999998039|0.0024249999999984844|0.0011187499999993009|0.003074999999998078|0.004137499999997414|0.010293749999993567|0.19739999999987662|0.05911874999996305|0.1673687499998954|0.055162499999965524|0.1126374999999296|0.009543749999994034|0.06867499999995708|0.055687499999965195|0.007024999999995609|0.02124374999998672|0.0021812499999986365|0.01214374999999241|0.17223124999989237|0.027468749999982833
0.0007999999999995|0.0014312499999991055|0.0014937499999990664|0.0017874999999988829|0.0014187499999991132|0.00254374999999841|0.0033624999999978984|0.007881249999995074|0.008343749999994786|0.014262499999991086|0.018968749999988144|0.03419374999997863|0.04638749999997101|0.07114374999995554|0.052756249999967024|0.06729374999995794|0.04394999999997253|0.04976874999996889|0.0353687499999779|0.03836249999997602|0.023287499999985445|0.0315187499999803|0.018468749999988456|0.02940624999998162|0.24871249999984454|0.14708749999990808
0.02503749999998435|0.046099999999971185|0.006881249999995699|0.0015562499999990274|0.0005812499999996367|0.00038749999999975783|0.00032499999999979686|0.0002062499999998711|0.00014999999999990626|0.00019374999999987891|0.00017499999999989063|0.0004062499999997461|0.0009124999999994297|0.0010499999999993438|0.0002062499999998711|0.0007499999999995312|5.624999999996484e-05|0.0011749999999992656|6.874999999995703e-05|0.0004937499999996914|0.000537499999999664|0.0007624999999995234|0.0039999999999975|0.04205624999997371|0.02550624999998406|0.8404249999994747
0.0009687499999993946|0.002806249999998246|0.002481249999998449|0.003468749999997832|0.0022999999999985623|0.003318749999997926|0.005499999999996562|0.010231249999993605|0.008562499999994649|0.012849999999991969|0.02105624999998684|0.07542499999995286|0.17732499999988918|0.19778749999987638|0.12759999999992025|0.08951249999994405|0.04026249999997483|0.03420624999997862|0.018099999999988688|0.013687499999991446|0.006881249999995699|0.007781249999995137|0.006637499999995852|0.010299999999993563|0.03365624999997897|0.08729374999994544
0.01910624999998806|0.015624999999990234|0.015756249999990153|0.021218749999986738|0.02932499999998167|0.026306249999983558|0.013093749999991817|0.0071187499999955505|0.0055562499999965275|0.012168749999992394|0.019724999999987673|0.036124999999977425|0.04741249999997037|0.05214374999996741|0.02548749999998407|0.021774999999986392|0.012087499999992445|0.0151999999999905|0.015799999999990124|0.033706249999978934|0.03694374999997691|0.028799999999982|0.025337499999984164|0.02323124999998548|0.04979374999996888|0.3911562499997555
0.0|0.0|0.0|0.0|0.0|0.0|0.0|0.00022499999999985937|0.00014999999999990626|0.00032499999999979686|0.00024999999999984377|0.0002999999999998125|0.00014999999999990626|0.028799999999982|0.0|0.009599999999994|0.0|0.019199999999988|0.0|0.009599999999994|0.0|0.009599999999994|0.0|0.0|0.921599999999424|0.000199999999999875
0.007843749999995098|0.0069937499999956285|0.002749999999998281|0.0025624999999983985|0.0010999999999993125|0.001662499999998961|0.002724999999998297|0.004181249999997387|0.004737499999997039|0.007687499999995196|0.007474999999995328|0.013812499999991366|0.029156249999981777|0.04173124999997392|0.02299374999998563|0.027674999999982703|0.012568749999992145|0.023162499999985525|0.00617499999999614|0.016006249999989997|0.006806249999995746|0.012549999999992156|0.003062499999998086|0.01691249999998943|0.47314374999970427|0.24452499999984717
0.001668749999998957|0.0028499999999982185|0.002312499999998555|0.002212499999998617|0.001593749999999004|0.0029499999999981564|0.0034312499999978553|0.022599999999985874|0.016299999999989812|0.030981249999980635|0.024068749999984956|0.03036874999998102|0.020631249999987104|0.10403749999993497|0.02718124999998301|0.05203749999996748|0.021468749999986582|0.09218749999994238|0.03394374999997878|0.05913124999996304|0.019931249999987542|0.054312499999966055|0.013081249999991823|0.010312499999993554|0.27446249999982847|0.07594374999995253
0.07852499999995093|0.05153124999996779|0.0036062499999977462|0.0009562499999994023|0.00024999999999984377|8.749999999994531e-05|0.00011249999999992969|0.00010624999999993359|8.124999999994921e-05|7.499999999995313e-05|0.00014999999999990626|0.00024374999999984766|0.0003812499999997617|0.0022312499999986054|0.0001874999999998828|0.002056249999998715|0.0002062499999998711|0.0010374999999993517|0.0003187499999998008|0.0017124999999989297|0.0007062499999995586|0.0016312499999989805|0.00462499999999711|0.044312499999972305|0.060987499999961885|0.7438812499995351
0.00014999999999990626|0.0033749999999978905|0.0011124999999993046|0.0018187499999988634|0.0010937499999993164|0.003406249999997871|0.005218749999996738|0.004749999999997031|0.00508749999999682|0.004206249999997371|0.002531249999998418|0.00625624999999609|0.2854374999998216|0.33108124999979305|0.08066874999994958|0.06471249999995955|0.022681249999985824|0.07003124999995623|0.011449999999992844|0.013368749999991644|0.005818749999996363|0.018712499999988304|8.124999999994921e-05|0.003918749999997551|0.028293749999982316|0.02473749999998454
9.37499999999414e-05|0.00015624999999990234|0.0005499999999996562|0.0011062499999993085|0.0016562499999989648|0.0033999999999978748|0.002343749999998535|0.003549999999997781|0.0028937499999981916|0.005349999999996656|0.006924999999995672|0.01973124999998767|0.06984999999995635|0.0948749999999407|0.07898749999995064|0.08066874999994958|0.07124999999995547|0.06610624999995868|0.04526874999997171|0.04691874999997068|0.017974999999988764|0.033224999999979236|0.006487499999995945|0.018312499999988553|0.2909999999998181|0.031318749999980425
0.0|0.0|0.0|0.0|0.0|0.0|0.0|0.00022499999999985937|0.00014999999999990626|0.00032499999999979686|0.00024999999999984377|0.0002999999999998125|0.00014999999999990626|0.028799999999982|0.0|0.009599999999994|0.0|0.019199999999988|0.0|0.009599999999994|0.0|0.009599999999994|0.0|0.0|0.921599999999424|0.000199999999999875
9.37499999999414e-05|0.00025624999999983983|4.999999999996875e-05|0.0004874999999996953|0.0010249999999993593|0.0025249999999984217|0.0037874999999976326|0.009306249999994184|0.010974999999993141|0.019637499999987727|0.019862499999987585|0.025768749999983895|0.02983749999998135|0.05768749999996395|0.035674999999977704|0.04825624999996984|0.03908749999997557|0.056881249999964446|0.044049999999972465|0.05129999999996794|0.032937499999979414|0.04374999999997266|0.02108749999998682|0.026499999999983436|0.3827249999997608|0.036449999999977216
0.0024124999999984922|0.0021562499999986523|0.0018374999999988516|0.0022937499999985665|0.0026249999999983595|0.004456249999997215|0.006337499999996039|0.007099999999995562|0.008387499999994759|0.011431249999992855|0.011074999999993078|0.019468749999987833|0.04761249999997024|0.07656249999995215|0.051756249999967655|0.05083124999996823|0.03036874999998102|0.04393124999997254|0.024337499999984788|0.025737499999983916|0.015443749999990347|0.026606249999983372|0.005449999999996594|0.01713749999998929|0.42043749999973723|0.08420624999994737
0.04851249999996968|0.034306249999978555|0.02574374999998391|0.018524999999988422|0.009543749999994034|0.005724999999996422|0.004599999999997125|0.005337499999996664|0.005724999999996422|0.00643124999999598|0.005499999999996562|0.005893749999996316|0.007012499999995617|0.010443749999993472|0.00708749999999557|0.009949999999993782|0.007643749999995223|0.0103999999999935|0.009612499999993992|0.012062499999992461|0.011831249999992605|0.01874999999998828|0.022043749999986224|0.029174999999981764|0.10111249999993681|0.5670312499996456
0.0|0.0|0.0|0.0|0.0|0.0|0.0|0.00028124999999982423|0.00021249999999986717|0.00045624999999971486|0.00036874999999976954|0.0006187499999996133|0.0014874999999990703|0.030024999999981233|0.0019624999999987734|0.010449999999993468|0.0011687499999992695|0.021112499999986805|0.0006999999999995625|0.00985624999999384|0.0005937499999996289|0.010649999999993344|8.749999999994531e-05|0.0005624999999996485|0.9090624999994318|0.00034374999999978515
0.04459374999997213|0.03723749999997673|0.012087499999992445|0.007281249999995449|0.0047937499999970035|0.0044749999999972034|0.003624999999997734|0.0034249999999978594|0.0029749999999981406|0.002862499999998211|0.002956249999998152|0.0028874999999981953|0.0033124999999979295|0.005918749999996301|0.0030999999999980626|0.004356249999997277|0.002856249999998215|0.004606249999997121|0.002956249999998152|0.004462499999997211|0.003931249999997543|0.0075624999999952735|0.012306249999992308|0.03854999999997591|0.06881874999995699|0.7080624999995575
0.0|0.0|0.0|0.0|0.0|0.0|0.0|0.00022499999999985937|0.00014999999999990626|0.00032499999999979686|0.00024999999999984377|0.0002999999999998125|0.00014999999999990626|0.028799999999982|0.0|0.009599999999994|0.0|0.019199999999988|0.0|0.009599999999994|0.0|0.009599999999994|0.0|0.0|0.921599999999424|0.000199999999999875
0.04501249999997187|0.0379187499999763|0.012437499999992227|0.004649999999997094|0.0029249999999981717|0.002593749999998379|0.0020374999999987265|0.0020999999999986876|0.002043749999998723|0.002387499999998508|0.0031437499999980353|0.004449999999997218|0.006374999999996016|0.005893749999996316|0.002737499999998289|0.0031062499999980585|0.0016999999999989374|0.0030999999999980626|0.0017124999999989297|0.002456249999998465|0.002149999999998656|0.0036812499999976994|0.008006249999994997|0.03998749999997501|0.046356249999971025|0.7510374999995306
0.0008624999999994609|0.001324999999999172|0.0007937499999995039|0.001543749999999035|0.002187499999998633|0.004637499999997101|0.004724999999997047|0.007112499999995555|0.007881249999995074|0.014762499999990773|0.01653124999998967|0.03138749999998038|0.039093749999975565|0.10707499999993307|0.0484812499999697|0.0777624999999514|0.0446374999999721|0.08083124999994948|0.034406249999978496|0.05211874999996743|0.02918124999998176|0.052612499999967116|0.025362499999984148|0.02891249999998193|0.14363749999991024|0.14213749999991115
0.007324999999995422|0.0083187499999948|0.0064812499999959495|0.006981249999995637|0.006793749999995754|0.006887499999995696|0.006149999999996156|0.006587499999995883|0.006149999999996156|0.009437499999994102|0.011987499999992508|0.03241249999997974|0.07302499999995436|0.10355624999993528|0.07606874999995246|0.07299999999995438|0.049256249999969214|0.0523187499999673|0.03298749999997938|0.03891249999997568|0.0163187499999898|0.02372499999998517|0.014668749999990831|0.023556249999985276|0.1193437499999254|0.18774999999988265
0.0011874999999992577|0.0011812499999992617|0.0006874999999995703|0.0028187499999982385|0.002662499999998336|0.0034374999999978516|0.006237499999996101|0.022043749999986224|0.02291249999998568|0.05034374999996853|0.10843749999993223|0.148762499999907|0.1601749999998999|0.14188124999991134|0.10761874999993273|0.045337499999971664|0.018074999999988704|0.020187499999987382|0.010562499999993398|0.015512499999990305|0.010149999999993655|0.0083187499999948|0.007731249999995168|0.007987499999995007|0.027618749999982737|0.04813124999996992
0.06962499999995649|0.05660624999996462|0.0033999999999978748|0.0005124999999996797|8.749999999994531e-05|4.374999999997266e-05|6.249999999996094e-06|3.124999999998047e-05|8.749999999994531e-05|9.37499999999414e-05|7.499999999995313e-05|0.00011249999999992969|0.00038749999999975783|0.0021062499999986834|0.0003124999999998047|0.0016999999999989374|0.0002937499999998164|0.0016562499999989648|6.249999999996094e-06|0.000931249999999418|0.00013749999999991406|0.0011687499999992695|0.0027749999999982654|0.04899374999996938|0.0625624999999609|0.7462874999995336
0.06396249999996002|0.04549999999997156|0.0032562499999979648|0.000531249999999668|0.00012499999999992189|2.4999999999984375e-05|3.124999999998047e-05|7.499999999995313e-05|6.249999999996094e-05|4.999999999996875e-05|5.624999999996484e-05|9.99999999999375e-05|0.000331249999999793|0.0022187499999986133|0.0003062499999998086|0.0016937499999989413|0.00022499999999985937|0.001862499999998836|2.4999999999984375e-05|0.0010374999999993517|0.00010624999999993359|0.0013187499999991758|0.0027624999999982733|0.04361249999997274|0.0729562499999544|0.7577687499995264
0.07586874999995258|0.052681249999967074|0.009549999999994032|0.006818749999995738|0.004006249999997496|0.0037562499999976525|0.002274999999998578|0.002262499999998586|0.002249999999998594|0.0021124999999986797|0.001993749999998754|0.003418749999997863|0.0033499999999979063|0.004787499999997008|0.002531249999998418|0.004056249999997465|0.0024999999999984375|0.004193749999997379|0.0038874999999975704|0.004893749999996941|0.0034999999999978126|0.0051187499999968|0.009881249999993824|0.046962499999970646|0.07615624999995241|0.6611874999995867
6.249999999996094e-05|0.00011874999999992579|0.00010624999999993359|0.000668749999999582|0.0009249999999994218|0.0014124999999991172|0.0012562499999992148|0.0020874999999986954|0.0013812499999991366|0.0014437499999990977|0.002331249999998543|0.018949999999988157|0.03282499999997948|0.056099999999964935|0.026087499999983697|0.058424999999963485|0.02119999999998675|0.045274999999971706|0.018649999999988343|0.06807499999995745|0.003531249999997793|0.013612499999991493|0.0004624999999997109|0.0195187499999878|0.571362499999643|0.034131249999978665
0.0|0.0|0.0|0.0|0.0|0.0|0.0|0.00022499999999985937|0.00014999999999990626|0.00032499999999979686|0.00024999999999984377|0.0002999999999998125|0.00014999999999990626|0.028799999999982|0.0|0.009599999999994|0.0|0.019199999999988|0.0|0.009599999999994|0.0|0.009599999999994|0.0|0.0|0.921599999999424|0.000199999999999875
0.0723062499999548|0.05094999999996815|0.0044437499999972225|0.0011874999999992577|0.0004374999999997266|0.0002062499999998711|0.00025624999999983983|0.0001874999999998828|0.0003374999999997891|0.00034374999999978515|0.00039999999999975|0.00034374999999978515|0.0008374999999994766|0.002918749999998176|0.000531249999999668|0.0026437499999983475|0.00039999999999975|0.002124999999998672|0.000537499999999664|0.0012937499999991914|0.000331249999999793|0.0016187499999989882|0.0039624999999975236|0.0550374999999656|0.08872499999994454|0.7076374999995577
0.0014124999999991172|0.0016812499999989492|0.001606249999998996|0.0038312499999976052|0.0018187499999988634|0.0032937499999979416|0.002749999999998281|0.0038624999999975857|0.003481249999997824|0.0041874999999973826|0.005418749999996613|0.0065124999999959295|0.11131249999993043|0.2071937499998705|0.055237499999965474|0.05324999999996672|0.020981249999986885|0.05489374999996569|0.007868749999995083|0.013468749999991581|0.004556249999997152|0.024118749999984927|0.0029124999999981796|0.013768749999991394|0.2769624999998269|0.11361874999992899
0.010262499999993586|0.012793749999992004|0.011962499999992523|0.011799999999992625|0.008606249999994622|0.0087999999999945|0.009012499999994367|0.009668749999993956|0.010262499999993586|0.014493749999990941|0.018781249999988262|0.03974374999997516|0.08518749999994676|0.09923124999993797|0.06693749999995817|0.06130624999996168|0.0412749999999742|0.039193749999975505|0.02470624999998456|0.02886249999998196|0.017431249999989105|0.024674999999984577|0.01708749999998932|0.022474999999985954|0.09195624999994252|0.21348749999986658
0.001337499999999164|0.0034499999999978437|0.0029874999999981327|0.004068749999997457|0.0015562499999990274|0.004162499999997398|0.003199999999998|0.018643749999988347|0.04189999999997381|0.06993749999995628|0.06532499999995917|0.11989999999992507|0.06809999999995743|0.14939999999990664|0.06745624999995783|0.08116874999994927|0.04758749999997026|0.02129374999998669|0.006887499999995696|0.013693749999991442|0.006631249999995856|0.011506249999992809|0.005093749999996816|0.005137499999996789|0.03196874999998002|0.14760624999990773
0.071981249999955|0.05250624999996718|0.0029124999999981796|0.00044999999999971875|7.499999999995313e-05|2.4999999999984375e-05|1.8749999999988282e-05|4.374999999997266e-05|3.7499999999976564e-05|5.624999999996484e-05|8.124999999994921e-05|9.99999999999375e-05|0.00045624999999971486|0.0021062499999986834|0.00016249999999989843|0.0021749999999986407|0.00016249999999989843|0.001537499999999039|0.00011249999999992969|0.0009562499999994023|0.00011874999999992579|0.001124999999999297|0.0029249999999981717|0.05514999999996553|0.0705687499999559|0.7341562499995411
0.0024437499999984728|0.004556249999997152|0.002518749999998426|0.0031437499999980353|0.0034874999999978205|0.002581249999998387|0.0025124999999984296|0.0036999999999976873|0.0027812499999982617|0.004199999999997375|0.005318749999996676|0.01559999999999025|0.05321874999996674|0.07589374999995256|0.05324999999996672|0.05511249999996556|0.03350624999997906|0.04053749999997466|0.022356249999986026|0.028306249999982307|0.014887499999990695|0.021531249999986544|0.009293749999994192|0.016474999999989703|0.40388124999974756|0.11890624999992569
0.002187499999998633|0.003149999999998031|0.0024499999999984686|0.004437499999997227|0.006556249999995902|0.016556249999989652|0.020312499999987306|0.054068749999966206|0.035424999999977856|0.06250624999996093|0.0649687499999594|0.07034374999995603|0.09828124999993858|0.07481874999995324|0.07963124999995023|0.07066874999995583|0.031256249999980466|0.036531249999977165|0.044062499999972464|0.02594999999998378|0.023237499999985478|0.019249999999987968|0.012768749999992019|0.006487499999995945|0.027793749999982627|0.10629999999993356
0.06261874999996087|0.04871874999996955|0.003124999999998047|0.00036874999999976954|0.00014374999999991014|1.8749999999988282e-05|2.4999999999984375e-05|5.624999999996484e-05|6.249999999996094e-05|5.624999999996484e-05|6.874999999995703e-05|0.00016874999999989454|0.00036249999999977343|0.002456249999998465|0.0002187499999998633|0.0018499999999988437|0.00022499999999985937|0.0020999999999986876|3.124999999998047e-05|0.0011562499999992774|9.99999999999375e-05|0.0011812499999992617|0.002749999999998281|0.05266249999996708|0.0696062499999565|0.7498687499995313
0.0|0.0|0.0|0.0|0.0|0.0|0.0|0.00024374999999984766|0.00017499999999989063|0.0003749999999997656|0.00028124999999982423|0.0004187499999997383|0.0002749999999998281|0.028468749999982206|0.00018124999999988672|0.009637499999993977|0.00011249999999992969|0.019043749999988098|9.37499999999414e-05|0.009556249999994028|0.00017499999999989063|0.00966249999999396|8.749999999994531e-05|0.00011249999999992969|0.9207062499994245|0.0003937499999997539
0.04622499999997111|0.042012499999973744|0.009531249999994043|0.0038624999999975857|0.002249999999998594|0.0013499999999991563|0.0011812499999992617|0.0009874999999993828|0.001131249999999293|0.0009687499999993946|0.0012937499999991914|0.001668749999998957|0.0019062499999988086|0.003187499999998008|0.0012499999999992187|0.002262499999998586|0.0010812499999993243|0.00199999999999875|0.0010249999999993593|0.001737499999998914|0.0021124999999986797|0.004081249999997449|0.008362499999994773|0.03513749999997804|0.041931249999973795|0.7814624999995116
0.0|0.0002749999999998281|0.00016249999999989843|0.0009124999999994297|0.0017499999999989063|0.0046312499999971056|0.006418749999995988|0.008006249999994997|0.006024999999996235|0.007399999999995375|0.011043749999993097|0.05934374999996291|0.29047499999981846|0.33740624999978913|0.1068812499999332|0.0643062499999598|0.019018749999988115|0.025656249999983966|0.00665624999999584|0.008212499999994868|0.0021749999999986407|0.003518749999997801|0.0007562499999995274|0.0005812499999996367|0.004993749999996879|0.023393749999985378
0.03963124999997523|0.04718124999997051|0.018362499999988523|0.007906249999995058|0.003931249999997543|0.002068749999998707|0.0014749999999990782|0.0015187499999990508|0.0019624999999987734|0.0024937499999984412|0.003268749999997957|0.004493749999997191|0.006156249999996153|0.008662499999994586|0.005099999999996813|0.008006249999994997|0.0055999999999965|0.006343749999996035|0.004556249999997152|0.0060999999999961875|0.005162499999996774|0.008662499999994586|0.018412499999988494|0.037399999999976626|0.0807999999999495|0.6647437499995845
0.0|0.0|0.0|0.0|0.0|0.0|0.0|0.00028124999999982423|0.000199999999999875|0.0004624999999997109|0.0003749999999997656|0.000531249999999668|0.0013499999999991563|0.03198124999998001|0.0016124999999989921|0.01051249999999343|0.0013687499999991445|0.02110624999998681|0.0015874999999990079|0.01014374999999366|0.0011624999999992735|0.010624999999993359|0.0003374999999997891|0.0005562499999996523|0.9054874999994341|0.0003187499999998008
0.042756249999973274|0.03581874999997761|0.009493749999994066|0.004981249999996887|0.002918749999998176|0.0026312499999983554|0.0027812499999982617|0.002868749999998207|0.0030499999999980937|0.003524999999997797|0.0036437499999977226|0.0043187499999973004|0.004862499999996961|0.007324999999995422|0.005362499999996649|0.005818749999996363|0.0042187499999973635|0.0054937499999965665|0.003731249999997668|0.004393749999997254|0.003668749999997707|0.005974999999996265|0.009668749999993956|0.035412499999977864|0.04780624999997012|0.737474999999539
0.03531874999997792|0.03219999999997988|0.023349999999985407|0.017668749999988957|0.01171249999999268|0.008668749999994582|0.007606249999995246|0.009331249999994167|0.01102499999999311|0.013174999999991766|0.0140812499999912|0.017024999999989358|0.019531249999987794|0.02204999999998622|0.015506249999990309|0.01483124999999073|0.013831249999991356|0.015418749999990364|0.012924999999991922|0.012906249999991933|0.012218749999992362|0.01900624999998812|0.022418749999985988|0.026824999999983234|0.07484374999995322|0.5165249999996772
0.0|0.0|0.0|0.0|0.0|0.0|0.0|0.00022499999999985937|0.00014999999999990626|0.00032499999999979686|0.00024999999999984377|0.0002999999999998125|0.00014999999999990626|0.028799999999982|0.0|0.009599999999994|0.0|0.019199999999988|0.0|0.009599999999994|0.0|0.009599999999994|0.0|0.0|0.921599999999424|0.000199999999999875
0.06146249999996158|0.049099999999969314|0.007693749999995191|0.002537499999998414|0.0009749999999993906|0.0005562499999996523|0.00043124999999973046|0.0004374999999997266|0.0003374999999997891|0.00028124999999982423|0.00034999999999978126|0.00043124999999973046|0.0007437499999995351|0.0024499999999984686|0.0006187499999996133|0.0019312499999987929|0.00036874999999976954|0.0017437499999989102|0.0003187499999998008|0.001131249999999293|0.0013062499999991835|0.0038937499999975663|0.007912499999995055|0.04579999999997138|0.061256249999961716|0.7459312499995338
0.055962499999965026|0.04222499999997361|0.007912499999995055|0.004068749999997457|0.0026249999999983595|0.002274999999998578|0.001331249999999168|0.0014999999999990624|0.001993749999998754|0.002981249999998137|0.004587499999997133|0.00643124999999598|0.006424999999995984|0.0051749999999967655|0.0027749999999982654|0.0052374999999967265|0.004249999999997344|0.004612499999997117|0.0032562499999979648|0.004806249999996996|0.004693749999997067|0.005662499999996461|0.009693749999993942|0.03575624999997765|0.03795624999997628|0.7358062499995401
0.07629374999995231|0.05532499999996542|0.005362499999996649|0.0015562499999990274|0.0005749999999996406|0.0003562499999997773|0.0002874999999998203|0.00024374999999984766|0.00021249999999986717|0.0004624999999997109|0.00046874999999970703|0.0004124999999997422|0.0007374999999995391|0.0028187499999982385|0.0003124999999998047|0.002749999999998281|0.000268749999999832|0.00199999999999875|0.0007312499999995429|0.0013874999999991327|0.0004812499999996992|0.0017187499999989258|0.004431249999997231|0.05675624999996453|0.08803124999994498|0.696018749999565
0.0002999999999998125|0.006231249999996105|0.0034374999999978516|0.00021249999999986717|0.00015624999999990234|0.0004124999999997422|0.005962499999996274|0.006793749999995754|0.007581249999995262|0.011762499999992649|0.0055562499999965275|0.03219374999997988|0.4121437499997424|0.2113749999998679|0.05772499999996392|0.11554374999992778|0.008531249999994668|0.013899999999991312|0.0018374999999988516|0.011399999999992874|0.00042499999999973435|0.0018187499999988634|5.624999999996484e-05|0.0008999999999994375|0.014468749999990958|0.0692749999999567
0.0|0.0|0.0|0.0|0.0|0.0|0.0|0.00022499999999985937|0.00014999999999990626|0.00032499999999979686|0.00024999999999984377|0.0002999999999998125|0.00014999999999990626|0.028799999999982|0.0|0.009599999999994|0.0|0.019199999999988|0.0|0.009599999999994|0.0|0.009599999999994|0.0|0.0|0.921599999999424|0.000199999999999875
0.04504374999997185|0.03929374999997544|0.009437499999994102|0.004618749999997113|0.0031749999999980158|0.0023562499999985275|0.0015124999999990547|0.0012374999999992266|0.001337499999999164|0.001399999999999125|0.001599999999999|0.0016749999999989532|0.002056249999998715|0.0024624999999984607|0.0015249999999990469|0.002668749999998332|0.0015187499999990508|0.00294374999999816|0.002331249999998543|0.003324999999997922|0.004006249999997496|0.006924999999995672|0.012537499999992164|0.033224999999979236|0.04382499999997261|0.76796249999952
0.0007937499999995039|0.0033624999999978984|0.00199999999999875|0.0026999999999983127|0.003331249999997918|0.004918749999996926|0.004993749999996879|0.007012499999995617|0.007399999999995375|0.013637499999991476|0.019156249999988027|0.03726874999997671|0.050312499999968556|0.09108749999994308|0.0644749999999597|0.07833749999995104|0.049187499999969256|0.05441874999996599|0.030631249999980854|0.03262499999997961|0.021881249999986325|0.03299999999997937|0.026643749999983347|0.03254374999997966|0.1321687499999174|0.19611249999987743
